"LOCATION","INDICATOR","SUBJECT","MEASURE","FREQUENCY","TIME","Value","Flag Codes"
"AUS","WKGPOP","TOT","PC_POP","A","1995",66.571,
"AUS","WKGPOP","TOT","PC_POP","A","1996",66.601,
"AUS","WKGPOP","TOT","PC_POP","A","1997",66.642,
"AUS","WKGPOP","TOT","PC_POP","A","1998",66.706,
"AUS","WKGPOP","TOT","PC_POP","A","1999",66.768,
"AUS","WKGPOP","TOT","PC_POP","A","2000",66.852,
"AUS","WKGPOP","TOT","PC_POP","A","2001",66.903,
"AUS","WKGPOP","TOT","PC_POP","A","2002",67.016,
"AUS","WKGPOP","TOT","PC_POP","A","2003",67.136,
"AUS","WKGPOP","TOT","PC_POP","A","2004",67.224,
"AUS","WKGPOP","TOT","PC_POP","A","2005",67.312,
"AUS","WKGPOP","TOT","PC_POP","A","2006",67.402,
"AUS","WKGPOP","TOT","PC_POP","A","2007",67.43,
"AUS","WKGPOP","TOT","PC_POP","A","2008",67.499,
"AUS","WKGPOP","TOT","PC_POP","A","2009",67.505,
"AUS","WKGPOP","TOT","PC_POP","A","2010",67.386,
"AUS","WKGPOP","TOT","PC_POP","A","2011",67.226,
"AUS","WKGPOP","TOT","PC_POP","A","2012",66.93,
"AUS","WKGPOP","TOT","PC_POP","A","2013",66.671,
"AUS","WKGPOP","TOT","PC_POP","A","2014",66.425,
"AUS","WKGPOP","TOT","PC_POP","A","2015",66.183,
"AUS","WKGPOP","TOT","PC_POP","A","2016",65.917,
"AUS","WKGPOP","TOT","PC_POP","A","2017",65.734,
"AUT","WKGPOP","TOT","PC_POP","A","1995",67.058,
"AUT","WKGPOP","TOT","PC_POP","A","1996",67.042,
"AUT","WKGPOP","TOT","PC_POP","A","1997",67.108,
"AUT","WKGPOP","TOT","PC_POP","A","1998",67.212,
"AUT","WKGPOP","TOT","PC_POP","A","1999",67.355,
"AUT","WKGPOP","TOT","PC_POP","A","2000",67.53,
"AUT","WKGPOP","TOT","PC_POP","A","2001",67.719,
"AUT","WKGPOP","TOT","PC_POP","A","2002",67.919,
"AUT","WKGPOP","TOT","PC_POP","A","2003",68.123,
"AUT","WKGPOP","TOT","PC_POP","A","2004",68.055,
"AUT","WKGPOP","TOT","PC_POP","A","2005",67.756,
"AUT","WKGPOP","TOT","PC_POP","A","2006",67.561,
"AUT","WKGPOP","TOT","PC_POP","A","2007",67.466,
"AUT","WKGPOP","TOT","PC_POP","A","2008",67.485,
"AUT","WKGPOP","TOT","PC_POP","A","2009",67.456,
"AUT","WKGPOP","TOT","PC_POP","A","2010",67.505,
"AUT","WKGPOP","TOT","PC_POP","A","2011",67.657,
"AUT","WKGPOP","TOT","PC_POP","A","2012",67.567,
"AUT","WKGPOP","TOT","PC_POP","A","2013",67.439,
"AUT","WKGPOP","TOT","PC_POP","A","2014",67.3,
"AUT","WKGPOP","TOT","PC_POP","A","2015",67.239,
"AUT","WKGPOP","TOT","PC_POP","A","2016",67.143,
"AUT","WKGPOP","TOT","PC_POP","A","2017",66.982,
"BEL","WKGPOP","TOT","PC_POP","A","1995",66.133,
"BEL","WKGPOP","TOT","PC_POP","A","1996",65.998,
"BEL","WKGPOP","TOT","PC_POP","A","1997",65.867,
"BEL","WKGPOP","TOT","PC_POP","A","1998",65.752,
"BEL","WKGPOP","TOT","PC_POP","A","1999",65.664,
"BEL","WKGPOP","TOT","PC_POP","A","2000",65.59,
"BEL","WKGPOP","TOT","PC_POP","A","2001",65.554,
"BEL","WKGPOP","TOT","PC_POP","A","2002",65.562,
"BEL","WKGPOP","TOT","PC_POP","A","2003",65.581,
"BEL","WKGPOP","TOT","PC_POP","A","2004",65.589,
"BEL","WKGPOP","TOT","PC_POP","A","2005",65.646,
"BEL","WKGPOP","TOT","PC_POP","A","2006",65.808,
"BEL","WKGPOP","TOT","PC_POP","A","2007",65.988,
"BEL","WKGPOP","TOT","PC_POP","A","2008",66.051,
"BEL","WKGPOP","TOT","PC_POP","A","2009",65.988,
"BEL","WKGPOP","TOT","PC_POP","A","2010",65.895,
"BEL","WKGPOP","TOT","PC_POP","A","2011",65.72,
"BEL","WKGPOP","TOT","PC_POP","A","2012",65.477,
"BEL","WKGPOP","TOT","PC_POP","A","2013",65.248,
"BEL","WKGPOP","TOT","PC_POP","A","2014",65.011,
"BEL","WKGPOP","TOT","PC_POP","A","2015",64.81,
"BEL","WKGPOP","TOT","PC_POP","A","2016",64.63,
"BEL","WKGPOP","TOT","PC_POP","A","2017",64.43,
"CAN","WKGPOP","TOT","PC_POP","A","1995",67.644,
"CAN","WKGPOP","TOT","PC_POP","A","1996",67.696,
"CAN","WKGPOP","TOT","PC_POP","A","1997",67.792,
"CAN","WKGPOP","TOT","PC_POP","A","1998",67.89,
"CAN","WKGPOP","TOT","PC_POP","A","1999",68.078,
"CAN","WKGPOP","TOT","PC_POP","A","2000",68.275,
"CAN","WKGPOP","TOT","PC_POP","A","2001",68.495,
"CAN","WKGPOP","TOT","PC_POP","A","2002",68.698,
"CAN","WKGPOP","TOT","PC_POP","A","2003",68.863,
"CAN","WKGPOP","TOT","PC_POP","A","2004",69.041,
"CAN","WKGPOP","TOT","PC_POP","A","2005",69.26,
"CAN","WKGPOP","TOT","PC_POP","A","2006",69.399,
"CAN","WKGPOP","TOT","PC_POP","A","2007",69.464,
"CAN","WKGPOP","TOT","PC_POP","A","2008",69.448,
"CAN","WKGPOP","TOT","PC_POP","A","2009",69.402,
"CAN","WKGPOP","TOT","PC_POP","A","2010",69.339,
"CAN","WKGPOP","TOT","PC_POP","A","2011",69.178,
"CAN","WKGPOP","TOT","PC_POP","A","2012",68.844,
"CAN","WKGPOP","TOT","PC_POP","A","2013",68.483,
"CAN","WKGPOP","TOT","PC_POP","A","2014",68.128,
"CAN","WKGPOP","TOT","PC_POP","A","2015",67.744,
"CAN","WKGPOP","TOT","PC_POP","A","2016",67.358,
"CAN","WKGPOP","TOT","PC_POP","A","2017",67.025,
"CZE","WKGPOP","TOT","PC_POP","A","1995",68.184,
"CZE","WKGPOP","TOT","PC_POP","A","1996",68.502,
"CZE","WKGPOP","TOT","PC_POP","A","1997",68.801,
"CZE","WKGPOP","TOT","PC_POP","A","1998",69.102,
"CZE","WKGPOP","TOT","PC_POP","A","1999",69.417,
"CZE","WKGPOP","TOT","PC_POP","A","2000",69.751,
"CZE","WKGPOP","TOT","PC_POP","A","2001",70.109,
"CZE","WKGPOP","TOT","PC_POP","A","2002",70.388,
"CZE","WKGPOP","TOT","PC_POP","A","2003",70.681,
"CZE","WKGPOP","TOT","PC_POP","A","2004",70.929,
"CZE","WKGPOP","TOT","PC_POP","A","2005",71.084,
"CZE","WKGPOP","TOT","PC_POP","A","2006",71.177,
"CZE","WKGPOP","TOT","PC_POP","A","2007",71.207,
"CZE","WKGPOP","TOT","PC_POP","A","2008",71.09,
"CZE","WKGPOP","TOT","PC_POP","A","2009",70.772,
"CZE","WKGPOP","TOT","PC_POP","A","2010",70.306,
"CZE","WKGPOP","TOT","PC_POP","A","2011",69.503,
"CZE","WKGPOP","TOT","PC_POP","A","2012",68.741,
"CZE","WKGPOP","TOT","PC_POP","A","2013",67.986,
"CZE","WKGPOP","TOT","PC_POP","A","2014",67.295,
"CZE","WKGPOP","TOT","PC_POP","A","2015",66.631,
"CZE","WKGPOP","TOT","PC_POP","A","2016",65.966,
"CZE","WKGPOP","TOT","PC_POP","A","2017",65.318,
"DNK","WKGPOP","TOT","PC_POP","A","1995",67.38,
"DNK","WKGPOP","TOT","PC_POP","A","1996",67.289,
"DNK","WKGPOP","TOT","PC_POP","A","1997",67.135,
"DNK","WKGPOP","TOT","PC_POP","A","1998",66.989,
"DNK","WKGPOP","TOT","PC_POP","A","1999",66.834,
"DNK","WKGPOP","TOT","PC_POP","A","2000",66.669,
"DNK","WKGPOP","TOT","PC_POP","A","2001",66.519,
"DNK","WKGPOP","TOT","PC_POP","A","2002",66.401,
"DNK","WKGPOP","TOT","PC_POP","A","2003",66.288,
"DNK","WKGPOP","TOT","PC_POP","A","2004",66.188,
"DNK","WKGPOP","TOT","PC_POP","A","2005",66.12,
"DNK","WKGPOP","TOT","PC_POP","A","2006",66.086,
"DNK","WKGPOP","TOT","PC_POP","A","2007",66.018,
"DNK","WKGPOP","TOT","PC_POP","A","2008",65.893,
"DNK","WKGPOP","TOT","PC_POP","A","2009",65.691,
"DNK","WKGPOP","TOT","PC_POP","A","2010",65.419,
"DNK","WKGPOP","TOT","PC_POP","A","2011",65.082,
"DNK","WKGPOP","TOT","PC_POP","A","2012",64.788,
"DNK","WKGPOP","TOT","PC_POP","A","2013",64.576,
"DNK","WKGPOP","TOT","PC_POP","A","2014",64.447,
"DNK","WKGPOP","TOT","PC_POP","A","2015",64.365,
"DNK","WKGPOP","TOT","PC_POP","A","2016",64.261,
"DNK","WKGPOP","TOT","PC_POP","A","2017",64.132,
"FIN","WKGPOP","TOT","PC_POP","A","1995",66.755,
"FIN","WKGPOP","TOT","PC_POP","A","1996",66.671,
"FIN","WKGPOP","TOT","PC_POP","A","1997",66.676,
"FIN","WKGPOP","TOT","PC_POP","A","1998",66.781,
"FIN","WKGPOP","TOT","PC_POP","A","1999",66.894,
"FIN","WKGPOP","TOT","PC_POP","A","2000",66.928,
"FIN","WKGPOP","TOT","PC_POP","A","2001",66.918,
"FIN","WKGPOP","TOT","PC_POP","A","2002",66.883,
"FIN","WKGPOP","TOT","PC_POP","A","2003",66.824,
"FIN","WKGPOP","TOT","PC_POP","A","2004",66.73,
"FIN","WKGPOP","TOT","PC_POP","A","2005",66.703,
"FIN","WKGPOP","TOT","PC_POP","A","2006",66.599,
"FIN","WKGPOP","TOT","PC_POP","A","2007",66.535,
"FIN","WKGPOP","TOT","PC_POP","A","2008",66.565,
"FIN","WKGPOP","TOT","PC_POP","A","2009",66.453,
"FIN","WKGPOP","TOT","PC_POP","A","2010",66.182,
"FIN","WKGPOP","TOT","PC_POP","A","2011",65.69,
"FIN","WKGPOP","TOT","PC_POP","A","2012",65.106,
"FIN","WKGPOP","TOT","PC_POP","A","2013",64.504,
"FIN","WKGPOP","TOT","PC_POP","A","2014",63.933,
"FIN","WKGPOP","TOT","PC_POP","A","2015",63.435,
"FIN","WKGPOP","TOT","PC_POP","A","2016",63.029,
"FIN","WKGPOP","TOT","PC_POP","A","2017",62.656,
"FRA","WKGPOP","TOT","PC_POP","A","1995",65.296,
"FRA","WKGPOP","TOT","PC_POP","A","1996",65.266,
"FRA","WKGPOP","TOT","PC_POP","A","1997",65.243,
"FRA","WKGPOP","TOT","PC_POP","A","1998",65.197,
"FRA","WKGPOP","TOT","PC_POP","A","1999",65.122,
"FRA","WKGPOP","TOT","PC_POP","A","2000",65.046,
"FRA","WKGPOP","TOT","PC_POP","A","2001",65,
"FRA","WKGPOP","TOT","PC_POP","A","2002",64.989,
"FRA","WKGPOP","TOT","PC_POP","A","2003",65.015,
"FRA","WKGPOP","TOT","PC_POP","A","2004",65.039,
"FRA","WKGPOP","TOT","PC_POP","A","2005",65.071,
"FRA","WKGPOP","TOT","PC_POP","A","2006",65.129,
"FRA","WKGPOP","TOT","PC_POP","A","2007",65.139,
"FRA","WKGPOP","TOT","PC_POP","A","2008",65.046,
"FRA","WKGPOP","TOT","PC_POP","A","2009",64.895,
"FRA","WKGPOP","TOT","PC_POP","A","2010",64.753,
"FRA","WKGPOP","TOT","PC_POP","A","2011",64.481,
"FRA","WKGPOP","TOT","PC_POP","A","2012",64.06,
"FRA","WKGPOP","TOT","PC_POP","A","2013",63.642,
"FRA","WKGPOP","TOT","PC_POP","A","2014",63.21,
"FRA","WKGPOP","TOT","PC_POP","A","2015",62.861,
"FRA","WKGPOP","TOT","PC_POP","A","2016",62.594,
"FRA","WKGPOP","TOT","PC_POP","A","2017",62.359,
"DEU","WKGPOP","TOT","PC_POP","A","1995",68.285,
"DEU","WKGPOP","TOT","PC_POP","A","1996",68.25,
"DEU","WKGPOP","TOT","PC_POP","A","1997",68.239,
"DEU","WKGPOP","TOT","PC_POP","A","1998",68.242,
"DEU","WKGPOP","TOT","PC_POP","A","1999",68.151,
"DEU","WKGPOP","TOT","PC_POP","A","2000",67.936,
"DEU","WKGPOP","TOT","PC_POP","A","2001",67.725,
"DEU","WKGPOP","TOT","PC_POP","A","2002",67.547,
"DEU","WKGPOP","TOT","PC_POP","A","2003",67.361,
"DEU","WKGPOP","TOT","PC_POP","A","2004",67.088,
"DEU","WKGPOP","TOT","PC_POP","A","2005",66.768,
"DEU","WKGPOP","TOT","PC_POP","A","2006",66.458,
"DEU","WKGPOP","TOT","PC_POP","A","2007",66.243,
"DEU","WKGPOP","TOT","PC_POP","A","2008",66.101,
"DEU","WKGPOP","TOT","PC_POP","A","2009",65.939,
"DEU","WKGPOP","TOT","PC_POP","A","2010",65.937,
"DEU","WKGPOP","TOT","PC_POP","A","2011",65.844,
"DEU","WKGPOP","TOT","PC_POP","A","2012",65.947,
"DEU","WKGPOP","TOT","PC_POP","A","2013",65.966,
"DEU","WKGPOP","TOT","PC_POP","A","2014",65.874,
"DEU","WKGPOP","TOT","PC_POP","A","2015",65.749,
"DEU","WKGPOP","TOT","PC_POP","A","2016",65.549,
"DEU","WKGPOP","TOT","PC_POP","A","2017",65.254,
"GRC","WKGPOP","TOT","PC_POP","A","1995",67.777,
"GRC","WKGPOP","TOT","PC_POP","A","1996",67.899,
"GRC","WKGPOP","TOT","PC_POP","A","1997",67.985,
"GRC","WKGPOP","TOT","PC_POP","A","1998",68.039,
"GRC","WKGPOP","TOT","PC_POP","A","1999",67.998,
"GRC","WKGPOP","TOT","PC_POP","A","2000",67.863,
"GRC","WKGPOP","TOT","PC_POP","A","2001",67.31,
"GRC","WKGPOP","TOT","PC_POP","A","2002",66.772,
"GRC","WKGPOP","TOT","PC_POP","A","2003",66.691,
"GRC","WKGPOP","TOT","PC_POP","A","2004",66.653,
"GRC","WKGPOP","TOT","PC_POP","A","2005",66.64,
"GRC","WKGPOP","TOT","PC_POP","A","2006",66.656,
"GRC","WKGPOP","TOT","PC_POP","A","2007",66.685,
"GRC","WKGPOP","TOT","PC_POP","A","2008",66.648,
"GRC","WKGPOP","TOT","PC_POP","A","2009",66.489,
"GRC","WKGPOP","TOT","PC_POP","A","2010",66.228,
"GRC","WKGPOP","TOT","PC_POP","A","2011",65.868,
"GRC","WKGPOP","TOT","PC_POP","A","2012",65.459,
"GRC","WKGPOP","TOT","PC_POP","A","2013",65.062,
"GRC","WKGPOP","TOT","PC_POP","A","2014",64.72,
"GRC","WKGPOP","TOT","PC_POP","A","2015",64.436,
"GRC","WKGPOP","TOT","PC_POP","A","2016",64.16,
"GRC","WKGPOP","TOT","PC_POP","A","2017",63.916,
"HUN","WKGPOP","TOT","PC_POP","A","1995",67.63,
"HUN","WKGPOP","TOT","PC_POP","A","1996",67.744,
"HUN","WKGPOP","TOT","PC_POP","A","1997",67.86,
"HUN","WKGPOP","TOT","PC_POP","A","1998",67.936,
"HUN","WKGPOP","TOT","PC_POP","A","1999",68.038,
"HUN","WKGPOP","TOT","PC_POP","A","2000",68.184,
"HUN","WKGPOP","TOT","PC_POP","A","2001",68.348,
"HUN","WKGPOP","TOT","PC_POP","A","2002",68.475,
"HUN","WKGPOP","TOT","PC_POP","A","2003",68.576,
"HUN","WKGPOP","TOT","PC_POP","A","2004",68.683,
"HUN","WKGPOP","TOT","PC_POP","A","2005",68.764,
"HUN","WKGPOP","TOT","PC_POP","A","2006",68.827,
"HUN","WKGPOP","TOT","PC_POP","A","2007",68.836,
"HUN","WKGPOP","TOT","PC_POP","A","2008",68.791,
"HUN","WKGPOP","TOT","PC_POP","A","2009",68.704,
"HUN","WKGPOP","TOT","PC_POP","A","2010",68.656,
"HUN","WKGPOP","TOT","PC_POP","A","2011",68.648,
"HUN","WKGPOP","TOT","PC_POP","A","2012",68.505,
"HUN","WKGPOP","TOT","PC_POP","A","2013",68.209,
"HUN","WKGPOP","TOT","PC_POP","A","2014",67.825,
"HUN","WKGPOP","TOT","PC_POP","A","2015",67.426,
"HUN","WKGPOP","TOT","PC_POP","A","2016",67.026,
"HUN","WKGPOP","TOT","PC_POP","A","2017",66.668,
"ISL","WKGPOP","TOT","PC_POP","A","1995",64.342,
"ISL","WKGPOP","TOT","PC_POP","A","1996",64.461,
"ISL","WKGPOP","TOT","PC_POP","A","1997",64.628,
"ISL","WKGPOP","TOT","PC_POP","A","1998",64.844,
"ISL","WKGPOP","TOT","PC_POP","A","1999",65.029,
"ISL","WKGPOP","TOT","PC_POP","A","2000",65.142,
"ISL","WKGPOP","TOT","PC_POP","A","2001",65.219,
"ISL","WKGPOP","TOT","PC_POP","A","2002",65.306,
"ISL","WKGPOP","TOT","PC_POP","A","2003",65.488,
"ISL","WKGPOP","TOT","PC_POP","A","2004",65.754,
"ISL","WKGPOP","TOT","PC_POP","A","2005",66.211,
"ISL","WKGPOP","TOT","PC_POP","A","2006",66.836,
"ISL","WKGPOP","TOT","PC_POP","A","2007",67.345,
"ISL","WKGPOP","TOT","PC_POP","A","2008",67.527,
"ISL","WKGPOP","TOT","PC_POP","A","2009",67.296,
"ISL","WKGPOP","TOT","PC_POP","A","2010",66.932,
"ISL","WKGPOP","TOT","PC_POP","A","2011",66.714,
"ISL","WKGPOP","TOT","PC_POP","A","2012",66.52,
"ISL","WKGPOP","TOT","PC_POP","A","2013",66.333,
"ISL","WKGPOP","TOT","PC_POP","A","2014",66.187,
"ISL","WKGPOP","TOT","PC_POP","A","2015",66.12,
"ISL","WKGPOP","TOT","PC_POP","A","2016",66.183,
"ISL","WKGPOP","TOT","PC_POP","A","2017",66.417,
"IRL","WKGPOP","TOT","PC_POP","A","1995",64.201,
"IRL","WKGPOP","TOT","PC_POP","A","1996",64.884,
"IRL","WKGPOP","TOT","PC_POP","A","1997",65.553,
"IRL","WKGPOP","TOT","PC_POP","A","1998",66.081,
"IRL","WKGPOP","TOT","PC_POP","A","1999",66.525,
"IRL","WKGPOP","TOT","PC_POP","A","2000",66.943,
"IRL","WKGPOP","TOT","PC_POP","A","2001",67.317,
"IRL","WKGPOP","TOT","PC_POP","A","2002",67.746,
"IRL","WKGPOP","TOT","PC_POP","A","2003",67.923,
"IRL","WKGPOP","TOT","PC_POP","A","2004",68.023,
"IRL","WKGPOP","TOT","PC_POP","A","2005",68.253,
"IRL","WKGPOP","TOT","PC_POP","A","2006",68.64,
"IRL","WKGPOP","TOT","PC_POP","A","2007",69.029,
"IRL","WKGPOP","TOT","PC_POP","A","2008",68.849,
"IRL","WKGPOP","TOT","PC_POP","A","2009",68.339,
"IRL","WKGPOP","TOT","PC_POP","A","2010",67.665,
"IRL","WKGPOP","TOT","PC_POP","A","2011",67.031,
"IRL","WKGPOP","TOT","PC_POP","A","2012",66.517,
"IRL","WKGPOP","TOT","PC_POP","A","2013",66.127,
"IRL","WKGPOP","TOT","PC_POP","A","2014",65.837,
"IRL","WKGPOP","TOT","PC_POP","A","2015",65.613,
"IRL","WKGPOP","TOT","PC_POP","A","2016",65.496,
"IRL","WKGPOP","TOT","PC_POP","A","2017",65.427,
"ITA","WKGPOP","TOT","PC_POP","A","1995",68.618,
"ITA","WKGPOP","TOT","PC_POP","A","1996",68.368,
"ITA","WKGPOP","TOT","PC_POP","A","1997",68.146,
"ITA","WKGPOP","TOT","PC_POP","A","1998",67.933,
"ITA","WKGPOP","TOT","PC_POP","A","1999",67.701,
"ITA","WKGPOP","TOT","PC_POP","A","2000",67.445,
"ITA","WKGPOP","TOT","PC_POP","A","2001",67.197,
"ITA","WKGPOP","TOT","PC_POP","A","2002",66.938,
"ITA","WKGPOP","TOT","PC_POP","A","2003",66.714,
"ITA","WKGPOP","TOT","PC_POP","A","2004",66.489,
"ITA","WKGPOP","TOT","PC_POP","A","2005",66.182,
"ITA","WKGPOP","TOT","PC_POP","A","2006",65.907,
"ITA","WKGPOP","TOT","PC_POP","A","2007",65.761,
"ITA","WKGPOP","TOT","PC_POP","A","2008",65.673,
"ITA","WKGPOP","TOT","PC_POP","A","2009",65.553,
"ITA","WKGPOP","TOT","PC_POP","A","2010",65.459,
"ITA","WKGPOP","TOT","PC_POP","A","2011",65.291,
"ITA","WKGPOP","TOT","PC_POP","A","2012",64.994,
"ITA","WKGPOP","TOT","PC_POP","A","2013",64.761,
"ITA","WKGPOP","TOT","PC_POP","A","2014",64.578,
"ITA","WKGPOP","TOT","PC_POP","A","2015",64.388,
"ITA","WKGPOP","TOT","PC_POP","A","2016",64.238,
"ITA","WKGPOP","TOT","PC_POP","A","2017",64.124,
"JPN","WKGPOP","TOT","PC_POP","A","1995",69.488,
"JPN","WKGPOP","TOT","PC_POP","A","1996",69.25,
"JPN","WKGPOP","TOT","PC_POP","A","1997",68.988,
"JPN","WKGPOP","TOT","PC_POP","A","1998",68.719,
"JPN","WKGPOP","TOT","PC_POP","A","1999",68.483,
"JPN","WKGPOP","TOT","PC_POP","A","2000",68.052,
"JPN","WKGPOP","TOT","PC_POP","A","2001",67.67,
"JPN","WKGPOP","TOT","PC_POP","A","2002",67.254,
"JPN","WKGPOP","TOT","PC_POP","A","2003",66.922,
"JPN","WKGPOP","TOT","PC_POP","A","2004",66.628,
"JPN","WKGPOP","TOT","PC_POP","A","2005",66.074,
"JPN","WKGPOP","TOT","PC_POP","A","2006",65.532,
"JPN","WKGPOP","TOT","PC_POP","A","2007",64.971,
"JPN","WKGPOP","TOT","PC_POP","A","2008",64.451,
"JPN","WKGPOP","TOT","PC_POP","A","2009",63.91,
"JPN","WKGPOP","TOT","PC_POP","A","2010",63.826,
"JPN","WKGPOP","TOT","PC_POP","A","2011",63.648,
"JPN","WKGPOP","TOT","PC_POP","A","2012",62.875,
"JPN","WKGPOP","TOT","PC_POP","A","2013",62.067,
"JPN","WKGPOP","TOT","PC_POP","A","2014",61.259,
"JPN","WKGPOP","TOT","PC_POP","A","2015",60.806,
"JPN","WKGPOP","TOT","PC_POP","A","2016",60.316,
"JPN","WKGPOP","TOT","PC_POP","A","2017",59.951,
"KOR","WKGPOP","TOT","PC_POP","A","1995",70.741,
"KOR","WKGPOP","TOT","PC_POP","A","1996",71.008,
"KOR","WKGPOP","TOT","PC_POP","A","1997",71.357,
"KOR","WKGPOP","TOT","PC_POP","A","1998",71.567,
"KOR","WKGPOP","TOT","PC_POP","A","1999",71.691,
"KOR","WKGPOP","TOT","PC_POP","A","2000",71.693,
"KOR","WKGPOP","TOT","PC_POP","A","2001",71.662,
"KOR","WKGPOP","TOT","PC_POP","A","2002",71.687,
"KOR","WKGPOP","TOT","PC_POP","A","2003",71.76,
"KOR","WKGPOP","TOT","PC_POP","A","2004",71.796,
"KOR","WKGPOP","TOT","PC_POP","A","2005",71.891,
"KOR","WKGPOP","TOT","PC_POP","A","2006",72.118,
"KOR","WKGPOP","TOT","PC_POP","A","2007",72.321,
"KOR","WKGPOP","TOT","PC_POP","A","2008",72.546,
"KOR","WKGPOP","TOT","PC_POP","A","2009",72.811,
"KOR","WKGPOP","TOT","PC_POP","A","2010",73.068,
"KOR","WKGPOP","TOT","PC_POP","A","2011",73.393,
"KOR","WKGPOP","TOT","PC_POP","A","2012",73.418,
"KOR","WKGPOP","TOT","PC_POP","A","2013",73.398,
"KOR","WKGPOP","TOT","PC_POP","A","2014",73.415,
"KOR","WKGPOP","TOT","PC_POP","A","2015",73.397,
"KOR","WKGPOP","TOT","PC_POP","A","2016",73.423,
"KOR","WKGPOP","TOT","PC_POP","A","2017",73.124,
"LUX","WKGPOP","TOT","PC_POP","A","1995",67.583,
"LUX","WKGPOP","TOT","PC_POP","A","1996",67.317,
"LUX","WKGPOP","TOT","PC_POP","A","1997",67.115,
"LUX","WKGPOP","TOT","PC_POP","A","1998",66.96,
"LUX","WKGPOP","TOT","PC_POP","A","1999",66.841,
"LUX","WKGPOP","TOT","PC_POP","A","2000",66.989,
"LUX","WKGPOP","TOT","PC_POP","A","2001",67.166,
"LUX","WKGPOP","TOT","PC_POP","A","2002",67.141,
"LUX","WKGPOP","TOT","PC_POP","A","2003",67.214,
"LUX","WKGPOP","TOT","PC_POP","A","2004",67.301,
"LUX","WKGPOP","TOT","PC_POP","A","2005",67.399,
"LUX","WKGPOP","TOT","PC_POP","A","2006",67.563,
"LUX","WKGPOP","TOT","PC_POP","A","2007",67.748,
"LUX","WKGPOP","TOT","PC_POP","A","2008",67.973,
"LUX","WKGPOP","TOT","PC_POP","A","2009",68.195,
"LUX","WKGPOP","TOT","PC_POP","A","2010",68.411,
"LUX","WKGPOP","TOT","PC_POP","A","2011",68.711,
"LUX","WKGPOP","TOT","PC_POP","A","2012",68.968,
"LUX","WKGPOP","TOT","PC_POP","A","2013",69.061,
"LUX","WKGPOP","TOT","PC_POP","A","2014",69.126,
"LUX","WKGPOP","TOT","PC_POP","A","2015",69.238,
"LUX","WKGPOP","TOT","PC_POP","A","2016",69.415,
"LUX","WKGPOP","TOT","PC_POP","A","2017",69.531,
"MEX","WKGPOP","TOT","PC_POP","A","1995",58.826,
"MEX","WKGPOP","TOT","PC_POP","A","1996",59.234,
"MEX","WKGPOP","TOT","PC_POP","A","1997",59.628,
"MEX","WKGPOP","TOT","PC_POP","A","1998",60.025,
"MEX","WKGPOP","TOT","PC_POP","A","1999",60.415,
"MEX","WKGPOP","TOT","PC_POP","A","2000",60.773,
"MEX","WKGPOP","TOT","PC_POP","A","2001",61.129,
"MEX","WKGPOP","TOT","PC_POP","A","2002",61.501,
"MEX","WKGPOP","TOT","PC_POP","A","2003",61.869,
"MEX","WKGPOP","TOT","PC_POP","A","2004",62.22,
"MEX","WKGPOP","TOT","PC_POP","A","2005",62.559,
"MEX","WKGPOP","TOT","PC_POP","A","2006",62.905,
"MEX","WKGPOP","TOT","PC_POP","A","2007",63.261,
"MEX","WKGPOP","TOT","PC_POP","A","2008",63.622,
"MEX","WKGPOP","TOT","PC_POP","A","2009",63.978,
"MEX","WKGPOP","TOT","PC_POP","A","2010",64.314,
"MEX","WKGPOP","TOT","PC_POP","A","2011",64.629,
"MEX","WKGPOP","TOT","PC_POP","A","2012",64.916,
"MEX","WKGPOP","TOT","PC_POP","A","2013",65.179,
"MEX","WKGPOP","TOT","PC_POP","A","2014",65.423,
"MEX","WKGPOP","TOT","PC_POP","A","2015",65.652,
"MEX","WKGPOP","TOT","PC_POP","A","2016",65.867,
"MEX","WKGPOP","TOT","PC_POP","A","2017",66.064,
"NLD","WKGPOP","TOT","PC_POP","A","1995",68.365,
"NLD","WKGPOP","TOT","PC_POP","A","1996",68.275,
"NLD","WKGPOP","TOT","PC_POP","A","1997",68.169,
"NLD","WKGPOP","TOT","PC_POP","A","1998",68.041,
"NLD","WKGPOP","TOT","PC_POP","A","1999",67.92,
"NLD","WKGPOP","TOT","PC_POP","A","2000",67.818,
"NLD","WKGPOP","TOT","PC_POP","A","2001",67.752,
"NLD","WKGPOP","TOT","PC_POP","A","2002",67.714,
"NLD","WKGPOP","TOT","PC_POP","A","2003",67.651,
"NLD","WKGPOP","TOT","PC_POP","A","2004",67.558,
"NLD","WKGPOP","TOT","PC_POP","A","2005",67.486,
"NLD","WKGPOP","TOT","PC_POP","A","2006",67.447,
"NLD","WKGPOP","TOT","PC_POP","A","2007",67.41,
"NLD","WKGPOP","TOT","PC_POP","A","2008",67.33,
"NLD","WKGPOP","TOT","PC_POP","A","2009",67.193,
"NLD","WKGPOP","TOT","PC_POP","A","2010",67.038,
"NLD","WKGPOP","TOT","PC_POP","A","2011",66.707,
"NLD","WKGPOP","TOT","PC_POP","A","2012",66.232,
"NLD","WKGPOP","TOT","PC_POP","A","2013",65.868,
"NLD","WKGPOP","TOT","PC_POP","A","2014",65.597,
"NLD","WKGPOP","TOT","PC_POP","A","2015",65.407,
"NLD","WKGPOP","TOT","PC_POP","A","2016",65.278,
"NLD","WKGPOP","TOT","PC_POP","A","2017",65.142,
"NZL","WKGPOP","TOT","PC_POP","A","1995",65.402,
"NZL","WKGPOP","TOT","PC_POP","A","1996",65.443,
"NZL","WKGPOP","TOT","PC_POP","A","1997",65.467,
"NZL","WKGPOP","TOT","PC_POP","A","1998",65.439,
"NZL","WKGPOP","TOT","PC_POP","A","1999",65.444,
"NZL","WKGPOP","TOT","PC_POP","A","2000",65.467,
"NZL","WKGPOP","TOT","PC_POP","A","2001",65.525,
"NZL","WKGPOP","TOT","PC_POP","A","2002",65.781,
"NZL","WKGPOP","TOT","PC_POP","A","2003",66.089,
"NZL","WKGPOP","TOT","PC_POP","A","2004",66.295,
"NZL","WKGPOP","TOT","PC_POP","A","2005",66.456,
"NZL","WKGPOP","TOT","PC_POP","A","2006",66.545,
"NZL","WKGPOP","TOT","PC_POP","A","2007",66.462,
"NZL","WKGPOP","TOT","PC_POP","A","2008",66.416,
"NZL","WKGPOP","TOT","PC_POP","A","2009",66.311,
"NZL","WKGPOP","TOT","PC_POP","A","2010",66.174,
"NZL","WKGPOP","TOT","PC_POP","A","2011",65.994,
"NZL","WKGPOP","TOT","PC_POP","A","2012",65.679,
"NZL","WKGPOP","TOT","PC_POP","A","2013",65.449,
"NZL","WKGPOP","TOT","PC_POP","A","2014",65.375,
"NZL","WKGPOP","TOT","PC_POP","A","2015",65.431,
"NZL","WKGPOP","TOT","PC_POP","A","2016",65.481,
"NZL","WKGPOP","TOT","PC_POP","A","2017",65.439,
"NOR","WKGPOP","TOT","PC_POP","A","1995",64.579,
"NOR","WKGPOP","TOT","PC_POP","A","1996",64.56,
"NOR","WKGPOP","TOT","PC_POP","A","1997",64.565,
"NOR","WKGPOP","TOT","PC_POP","A","1998",64.627,
"NOR","WKGPOP","TOT","PC_POP","A","1999",64.722,
"NOR","WKGPOP","TOT","PC_POP","A","2000",64.829,
"NOR","WKGPOP","TOT","PC_POP","A","2001",64.958,
"NOR","WKGPOP","TOT","PC_POP","A","2002",65.117,
"NOR","WKGPOP","TOT","PC_POP","A","2003",65.291,
"NOR","WKGPOP","TOT","PC_POP","A","2004",65.461,
"NOR","WKGPOP","TOT","PC_POP","A","2005",65.648,
"NOR","WKGPOP","TOT","PC_POP","A","2006",65.876,
"NOR","WKGPOP","TOT","PC_POP","A","2007",66.106,
"NOR","WKGPOP","TOT","PC_POP","A","2008",66.258,
"NOR","WKGPOP","TOT","PC_POP","A","2009",66.27,
"NOR","WKGPOP","TOT","PC_POP","A","2010",66.208,
"NOR","WKGPOP","TOT","PC_POP","A","2011",66.126,
"NOR","WKGPOP","TOT","PC_POP","A","2012",66.03,
"NOR","WKGPOP","TOT","PC_POP","A","2013",65.932,
"NOR","WKGPOP","TOT","PC_POP","A","2014",65.838,
"NOR","WKGPOP","TOT","PC_POP","A","2015",65.743,
"NOR","WKGPOP","TOT","PC_POP","A","2016",65.608,
"NOR","WKGPOP","TOT","PC_POP","A","2017",65.435,
"POL","WKGPOP","TOT","PC_POP","A","1995",66.92,
"POL","WKGPOP","TOT","PC_POP","A","1996",67.23,
"POL","WKGPOP","TOT","PC_POP","A","1997",67.54,
"POL","WKGPOP","TOT","PC_POP","A","1998",67.847,
"POL","WKGPOP","TOT","PC_POP","A","1999",68.025,
"POL","WKGPOP","TOT","PC_POP","A","2000",68.313,
"POL","WKGPOP","TOT","PC_POP","A","2001",68.795,
"POL","WKGPOP","TOT","PC_POP","A","2002",69.197,
"POL","WKGPOP","TOT","PC_POP","A","2003",69.622,
"POL","WKGPOP","TOT","PC_POP","A","2004",69.983,
"POL","WKGPOP","TOT","PC_POP","A","2005",70.322,
"POL","WKGPOP","TOT","PC_POP","A","2006",70.641,
"POL","WKGPOP","TOT","PC_POP","A","2007",70.928,
"POL","WKGPOP","TOT","PC_POP","A","2008",71.151,
"POL","WKGPOP","TOT","PC_POP","A","2009",71.268,
"POL","WKGPOP","TOT","PC_POP","A","2010",71.313,
"POL","WKGPOP","TOT","PC_POP","A","2011",71.221,
"POL","WKGPOP","TOT","PC_POP","A","2012",70.903,
"POL","WKGPOP","TOT","PC_POP","A","2013",70.51,
"POL","WKGPOP","TOT","PC_POP","A","2014",70.02,
"POL","WKGPOP","TOT","PC_POP","A","2015",69.506,
"POL","WKGPOP","TOT","PC_POP","A","2016",68.91,
"POL","WKGPOP","TOT","PC_POP","A","2017",68.244,
"PRT","WKGPOP","TOT","PC_POP","A","1995",67.309,
"PRT","WKGPOP","TOT","PC_POP","A","1996",67.41,
"PRT","WKGPOP","TOT","PC_POP","A","1997",67.463,
"PRT","WKGPOP","TOT","PC_POP","A","1998",67.477,
"PRT","WKGPOP","TOT","PC_POP","A","1999",67.473,
"PRT","WKGPOP","TOT","PC_POP","A","2000",67.438,
"PRT","WKGPOP","TOT","PC_POP","A","2001",67.34,
"PRT","WKGPOP","TOT","PC_POP","A","2002",67.206,
"PRT","WKGPOP","TOT","PC_POP","A","2003",67.076,
"PRT","WKGPOP","TOT","PC_POP","A","2004",66.93,
"PRT","WKGPOP","TOT","PC_POP","A","2005",66.806,
"PRT","WKGPOP","TOT","PC_POP","A","2006",66.745,
"PRT","WKGPOP","TOT","PC_POP","A","2007",66.713,
"PRT","WKGPOP","TOT","PC_POP","A","2008",66.644,
"PRT","WKGPOP","TOT","PC_POP","A","2009",66.514,
"PRT","WKGPOP","TOT","PC_POP","A","2010",66.329,
"PRT","WKGPOP","TOT","PC_POP","A","2011",66.127,
"PRT","WKGPOP","TOT","PC_POP","A","2012",65.936,
"PRT","WKGPOP","TOT","PC_POP","A","2013",65.696,
"PRT","WKGPOP","TOT","PC_POP","A","2014",65.45,
"PRT","WKGPOP","TOT","PC_POP","A","2015",65.258,
"PRT","WKGPOP","TOT","PC_POP","A","2016",65.034,
"PRT","WKGPOP","TOT","PC_POP","A","2017",64.776,
"SVK","WKGPOP","TOT","PC_POP","A","1995",66.542,
"SVK","WKGPOP","TOT","PC_POP","A","1996",67.005,
"SVK","WKGPOP","TOT","PC_POP","A","1997",67.46,
"SVK","WKGPOP","TOT","PC_POP","A","1998",67.97,
"SVK","WKGPOP","TOT","PC_POP","A","1999",68.511,
"SVK","WKGPOP","TOT","PC_POP","A","2000",69.061,
"SVK","WKGPOP","TOT","PC_POP","A","2001",69.572,
"SVK","WKGPOP","TOT","PC_POP","A","2002",70.119,
"SVK","WKGPOP","TOT","PC_POP","A","2003",70.643,
"SVK","WKGPOP","TOT","PC_POP","A","2004",71.08,
"SVK","WKGPOP","TOT","PC_POP","A","2005",71.455,
"SVK","WKGPOP","TOT","PC_POP","A","2006",71.798,
"SVK","WKGPOP","TOT","PC_POP","A","2007",72.099,
"SVK","WKGPOP","TOT","PC_POP","A","2008",72.331,
"SVK","WKGPOP","TOT","PC_POP","A","2009",72.411,
"SVK","WKGPOP","TOT","PC_POP","A","2010",72.34,
"SVK","WKGPOP","TOT","PC_POP","A","2011",71.906,
"SVK","WKGPOP","TOT","PC_POP","A","2012",71.669,
"SVK","WKGPOP","TOT","PC_POP","A","2013",71.322,
"SVK","WKGPOP","TOT","PC_POP","A","2014",70.932,
"SVK","WKGPOP","TOT","PC_POP","A","2015",70.472,
"SVK","WKGPOP","TOT","PC_POP","A","2016",69.885,
"SVK","WKGPOP","TOT","PC_POP","A","2017",69.21,
"ESP","WKGPOP","TOT","PC_POP","A","1995",68.266,
"ESP","WKGPOP","TOT","PC_POP","A","1996",68.458,
"ESP","WKGPOP","TOT","PC_POP","A","1997",68.588,
"ESP","WKGPOP","TOT","PC_POP","A","1998",68.642,
"ESP","WKGPOP","TOT","PC_POP","A","1999",68.677,
"ESP","WKGPOP","TOT","PC_POP","A","2000",68.647,
"ESP","WKGPOP","TOT","PC_POP","A","2001",68.523,
"ESP","WKGPOP","TOT","PC_POP","A","2002",68.563,
"ESP","WKGPOP","TOT","PC_POP","A","2003",68.647,
"ESP","WKGPOP","TOT","PC_POP","A","2004",68.834,
"ESP","WKGPOP","TOT","PC_POP","A","2005",68.983,
"ESP","WKGPOP","TOT","PC_POP","A","2006",68.875,
"ESP","WKGPOP","TOT","PC_POP","A","2007",68.946,
"ESP","WKGPOP","TOT","PC_POP","A","2008",68.825,
"ESP","WKGPOP","TOT","PC_POP","A","2009",68.489,
"ESP","WKGPOP","TOT","PC_POP","A","2010",68.092,
"ESP","WKGPOP","TOT","PC_POP","A","2011",67.707,
"ESP","WKGPOP","TOT","PC_POP","A","2012",67.365,
"ESP","WKGPOP","TOT","PC_POP","A","2013",66.913,
"ESP","WKGPOP","TOT","PC_POP","A","2014",66.504,
"ESP","WKGPOP","TOT","PC_POP","A","2015",66.259,
"ESP","WKGPOP","TOT","PC_POP","A","2016",66.075,
"ESP","WKGPOP","TOT","PC_POP","A","2017",65.918,
"SWE","WKGPOP","TOT","PC_POP","A","1995",63.682,
"SWE","WKGPOP","TOT","PC_POP","A","1996",63.729,
"SWE","WKGPOP","TOT","PC_POP","A","1997",63.817,
"SWE","WKGPOP","TOT","PC_POP","A","1998",63.942,
"SWE","WKGPOP","TOT","PC_POP","A","1999",64.108,
"SWE","WKGPOP","TOT","PC_POP","A","2000",64.304,
"SWE","WKGPOP","TOT","PC_POP","A","2001",64.511,
"SWE","WKGPOP","TOT","PC_POP","A","2002",64.716,
"SWE","WKGPOP","TOT","PC_POP","A","2003",64.915,
"SWE","WKGPOP","TOT","PC_POP","A","2004",65.096,
"SWE","WKGPOP","TOT","PC_POP","A","2005",65.313,
"SWE","WKGPOP","TOT","PC_POP","A","2006",65.546,
"SWE","WKGPOP","TOT","PC_POP","A","2007",65.669,
"SWE","WKGPOP","TOT","PC_POP","A","2008",65.629,
"SWE","WKGPOP","TOT","PC_POP","A","2009",65.436,
"SWE","WKGPOP","TOT","PC_POP","A","2010",65.118,
"SWE","WKGPOP","TOT","PC_POP","A","2011",64.7,
"SWE","WKGPOP","TOT","PC_POP","A","2012",64.235,
"SWE","WKGPOP","TOT","PC_POP","A","2013",63.759,
"SWE","WKGPOP","TOT","PC_POP","A","2014",63.319,
"SWE","WKGPOP","TOT","PC_POP","A","2015",62.959,
"SWE","WKGPOP","TOT","PC_POP","A","2016",62.702,
"SWE","WKGPOP","TOT","PC_POP","A","2017",62.522,
"CHE","WKGPOP","TOT","PC_POP","A","1995",67.624,
"CHE","WKGPOP","TOT","PC_POP","A","1996",67.507,
"CHE","WKGPOP","TOT","PC_POP","A","1997",67.415,
"CHE","WKGPOP","TOT","PC_POP","A","1998",67.359,
"CHE","WKGPOP","TOT","PC_POP","A","1999",67.32,
"CHE","WKGPOP","TOT","PC_POP","A","2000",67.302,
"CHE","WKGPOP","TOT","PC_POP","A","2001",67.501,
"CHE","WKGPOP","TOT","PC_POP","A","2002",67.615,
"CHE","WKGPOP","TOT","PC_POP","A","2003",67.755,
"CHE","WKGPOP","TOT","PC_POP","A","2004",67.872,
"CHE","WKGPOP","TOT","PC_POP","A","2005",67.972,
"CHE","WKGPOP","TOT","PC_POP","A","2006",68.042,
"CHE","WKGPOP","TOT","PC_POP","A","2007",68.089,
"CHE","WKGPOP","TOT","PC_POP","A","2008",68.12,
"CHE","WKGPOP","TOT","PC_POP","A","2009",68.077,
"CHE","WKGPOP","TOT","PC_POP","A","2010",67.957,
"CHE","WKGPOP","TOT","PC_POP","A","2011",67.896,
"CHE","WKGPOP","TOT","PC_POP","A","2012",67.743,
"CHE","WKGPOP","TOT","PC_POP","A","2013",67.585,
"CHE","WKGPOP","TOT","PC_POP","A","2014",67.42,
"CHE","WKGPOP","TOT","PC_POP","A","2015",67.265,
"CHE","WKGPOP","TOT","PC_POP","A","2016",67.098,
"CHE","WKGPOP","TOT","PC_POP","A","2017",66.886,
"TUR","WKGPOP","TOT","PC_POP","A","1995",62.411,
"TUR","WKGPOP","TOT","PC_POP","A","1996",62.695,
"TUR","WKGPOP","TOT","PC_POP","A","1997",62.968,
"TUR","WKGPOP","TOT","PC_POP","A","1998",63.231,
"TUR","WKGPOP","TOT","PC_POP","A","1999",63.481,
"TUR","WKGPOP","TOT","PC_POP","A","2000",63.806,
"TUR","WKGPOP","TOT","PC_POP","A","2001",64.229,
"TUR","WKGPOP","TOT","PC_POP","A","2002",64.693,
"TUR","WKGPOP","TOT","PC_POP","A","2003",65.18,
"TUR","WKGPOP","TOT","PC_POP","A","2004",65.634,
"TUR","WKGPOP","TOT","PC_POP","A","2005",66.031,
"TUR","WKGPOP","TOT","PC_POP","A","2006",66.378,
"TUR","WKGPOP","TOT","PC_POP","A","2007",66.673,
"TUR","WKGPOP","TOT","PC_POP","A","2008",66.697,
"TUR","WKGPOP","TOT","PC_POP","A","2009",66.945,
"TUR","WKGPOP","TOT","PC_POP","A","2010",67.085,
"TUR","WKGPOP","TOT","PC_POP","A","2011",67.272,
"TUR","WKGPOP","TOT","PC_POP","A","2012",67.465,
"TUR","WKGPOP","TOT","PC_POP","A","2013",67.641,
"TUR","WKGPOP","TOT","PC_POP","A","2014",67.74,
"TUR","WKGPOP","TOT","PC_POP","A","2015",67.758,
"TUR","WKGPOP","TOT","PC_POP","A","2016",67.86,
"TUR","WKGPOP","TOT","PC_POP","A","2017",67.933,
"GBR","WKGPOP","TOT","PC_POP","A","1995",64.692,
"GBR","WKGPOP","TOT","PC_POP","A","1996",64.746,
"GBR","WKGPOP","TOT","PC_POP","A","1997",64.78,
"GBR","WKGPOP","TOT","PC_POP","A","1998",64.837,
"GBR","WKGPOP","TOT","PC_POP","A","1999",64.961,
"GBR","WKGPOP","TOT","PC_POP","A","2000",65.167,
"GBR","WKGPOP","TOT","PC_POP","A","2001",65.355,
"GBR","WKGPOP","TOT","PC_POP","A","2002",65.525,
"GBR","WKGPOP","TOT","PC_POP","A","2003",65.682,
"GBR","WKGPOP","TOT","PC_POP","A","2004",65.825,
"GBR","WKGPOP","TOT","PC_POP","A","2005",66.031,
"GBR","WKGPOP","TOT","PC_POP","A","2006",66.259,
"GBR","WKGPOP","TOT","PC_POP","A","2007",66.359,
"GBR","WKGPOP","TOT","PC_POP","A","2008",66.306,
"GBR","WKGPOP","TOT","PC_POP","A","2009",66.183,
"GBR","WKGPOP","TOT","PC_POP","A","2010",66.035,
"GBR","WKGPOP","TOT","PC_POP","A","2011",65.909,
"GBR","WKGPOP","TOT","PC_POP","A","2012",65.38,
"GBR","WKGPOP","TOT","PC_POP","A","2013",64.996,
"GBR","WKGPOP","TOT","PC_POP","A","2014",64.681,
"GBR","WKGPOP","TOT","PC_POP","A","2015",64.457,
"GBR","WKGPOP","TOT","PC_POP","A","2016",64.216,
"GBR","WKGPOP","TOT","PC_POP","A","2017",63.966,
"USA","WKGPOP","TOT","PC_POP","A","1995",65.434,
"USA","WKGPOP","TOT","PC_POP","A","1996",65.534,
"USA","WKGPOP","TOT","PC_POP","A","1997",65.71,
"USA","WKGPOP","TOT","PC_POP","A","1998",65.887,
"USA","WKGPOP","TOT","PC_POP","A","1999",66.043,
"USA","WKGPOP","TOT","PC_POP","A","2000",66.207,
"USA","WKGPOP","TOT","PC_POP","A","2001",66.403,
"USA","WKGPOP","TOT","PC_POP","A","2002",66.593,
"USA","WKGPOP","TOT","PC_POP","A","2003",66.739,
"USA","WKGPOP","TOT","PC_POP","A","2004",66.921,
"USA","WKGPOP","TOT","PC_POP","A","2005",67.118,
"USA","WKGPOP","TOT","PC_POP","A","2006",67.262,
"USA","WKGPOP","TOT","PC_POP","A","2007",67.298,
"USA","WKGPOP","TOT","PC_POP","A","2008",67.219,
"USA","WKGPOP","TOT","PC_POP","A","2009",67.17,
"USA","WKGPOP","TOT","PC_POP","A","2010",67.128,
"USA","WKGPOP","TOT","PC_POP","A","2011",67.096,
"USA","WKGPOP","TOT","PC_POP","A","2012",66.786,
"USA","WKGPOP","TOT","PC_POP","A","2013",66.554,
"USA","WKGPOP","TOT","PC_POP","A","2014",66.322,
"USA","WKGPOP","TOT","PC_POP","A","2015",66.12,
"USA","WKGPOP","TOT","PC_POP","A","2016",65.89,
"USA","WKGPOP","TOT","PC_POP","A","2017",65.628,
"BRA","WKGPOP","TOT","PC_POP","A","1995",61.82,
"BRA","WKGPOP","TOT","PC_POP","A","1996",62.313,
"BRA","WKGPOP","TOT","PC_POP","A","1997",62.842,
"BRA","WKGPOP","TOT","PC_POP","A","1998",63.381,
"BRA","WKGPOP","TOT","PC_POP","A","1999",63.891,
"BRA","WKGPOP","TOT","PC_POP","A","2000",63.995,
"BRA","WKGPOP","TOT","PC_POP","A","2001",64.467,
"BRA","WKGPOP","TOT","PC_POP","A","2002",64.939,
"BRA","WKGPOP","TOT","PC_POP","A","2003",65.39,
"BRA","WKGPOP","TOT","PC_POP","A","2004",65.815,
"BRA","WKGPOP","TOT","PC_POP","A","2005",66.212,
"BRA","WKGPOP","TOT","PC_POP","A","2006",66.591,
"BRA","WKGPOP","TOT","PC_POP","A","2007",66.97,
"BRA","WKGPOP","TOT","PC_POP","A","2008",67.32,
"BRA","WKGPOP","TOT","PC_POP","A","2009",67.651,
"BRA","WKGPOP","TOT","PC_POP","A","2010",67.986,
"BRA","WKGPOP","TOT","PC_POP","A","2011",68.324,
"BRA","WKGPOP","TOT","PC_POP","A","2012",68.642,
"BRA","WKGPOP","TOT","PC_POP","A","2013",68.933,
"BRA","WKGPOP","TOT","PC_POP","A","2014",69.161,
"BRA","WKGPOP","TOT","PC_POP","A","2015",69.306,
"BRA","WKGPOP","TOT","PC_POP","A","2016",69.418,
"BRA","WKGPOP","TOT","PC_POP","A","2017",69.455,
"CHL","WKGPOP","TOT","PC_POP","A","1995",64.093,
"CHL","WKGPOP","TOT","PC_POP","A","1996",64.199,
"CHL","WKGPOP","TOT","PC_POP","A","1997",64.364,
"CHL","WKGPOP","TOT","PC_POP","A","1998",64.565,
"CHL","WKGPOP","TOT","PC_POP","A","1999",64.781,
"CHL","WKGPOP","TOT","PC_POP","A","2000",65.014,
"CHL","WKGPOP","TOT","PC_POP","A","2001",65.268,
"CHL","WKGPOP","TOT","PC_POP","A","2002",65.567,
"CHL","WKGPOP","TOT","PC_POP","A","2003",65.942,
"CHL","WKGPOP","TOT","PC_POP","A","2004",66.409,
"CHL","WKGPOP","TOT","PC_POP","A","2005",66.896,
"CHL","WKGPOP","TOT","PC_POP","A","2006",67.394,
"CHL","WKGPOP","TOT","PC_POP","A","2007",67.807,
"CHL","WKGPOP","TOT","PC_POP","A","2008",68.123,
"CHL","WKGPOP","TOT","PC_POP","A","2009",68.366,
"CHL","WKGPOP","TOT","PC_POP","A","2010",68.549,
"CHL","WKGPOP","TOT","PC_POP","A","2011",68.687,
"CHL","WKGPOP","TOT","PC_POP","A","2012",68.785,
"CHL","WKGPOP","TOT","PC_POP","A","2013",68.846,
"CHL","WKGPOP","TOT","PC_POP","A","2014",68.875,
"CHL","WKGPOP","TOT","PC_POP","A","2015",68.827,
"CHL","WKGPOP","TOT","PC_POP","A","2016",68.743,
"CHL","WKGPOP","TOT","PC_POP","A","2017",68.725,
"COL","WKGPOP","TOT","PC_POP","A","1995",59.909,
"COL","WKGPOP","TOT","PC_POP","A","1996",60.086,
"COL","WKGPOP","TOT","PC_POP","A","1997",60.281,
"COL","WKGPOP","TOT","PC_POP","A","1998",60.498,
"COL","WKGPOP","TOT","PC_POP","A","1999",60.743,
"COL","WKGPOP","TOT","PC_POP","A","2000",61.013,
"COL","WKGPOP","TOT","PC_POP","A","2001",61.325,
"COL","WKGPOP","TOT","PC_POP","A","2002",61.656,
"COL","WKGPOP","TOT","PC_POP","A","2003",62.006,
"COL","WKGPOP","TOT","PC_POP","A","2004",62.372,
"COL","WKGPOP","TOT","PC_POP","A","2005",62.732,
"COL","WKGPOP","TOT","PC_POP","A","2006",63.174,
"COL","WKGPOP","TOT","PC_POP","A","2007",63.593,
"COL","WKGPOP","TOT","PC_POP","A","2008",63.992,
"COL","WKGPOP","TOT","PC_POP","A","2009",64.357,
"COL","WKGPOP","TOT","PC_POP","A","2010",64.682,
"COL","WKGPOP","TOT","PC_POP","A","2011",64.992,
"COL","WKGPOP","TOT","PC_POP","A","2012",65.259,
"COL","WKGPOP","TOT","PC_POP","A","2013",65.487,
"COL","WKGPOP","TOT","PC_POP","A","2014",65.675,
"COL","WKGPOP","TOT","PC_POP","A","2015",65.829,
"COL","WKGPOP","TOT","PC_POP","A","2016",65.935,
"COL","WKGPOP","TOT","PC_POP","A","2017",66.015,
"EST","WKGPOP","TOT","PC_POP","A","1995",65.781,
"EST","WKGPOP","TOT","PC_POP","A","1996",65.811,
"EST","WKGPOP","TOT","PC_POP","A","1997",65.911,
"EST","WKGPOP","TOT","PC_POP","A","1998",66.178,
"EST","WKGPOP","TOT","PC_POP","A","1999",66.581,
"EST","WKGPOP","TOT","PC_POP","A","2000",67.376,
"EST","WKGPOP","TOT","PC_POP","A","2001",67.562,
"EST","WKGPOP","TOT","PC_POP","A","2002",67.71,
"EST","WKGPOP","TOT","PC_POP","A","2003",67.866,
"EST","WKGPOP","TOT","PC_POP","A","2004",68.007,
"EST","WKGPOP","TOT","PC_POP","A","2005",68.074,
"EST","WKGPOP","TOT","PC_POP","A","2006",67.965,
"EST","WKGPOP","TOT","PC_POP","A","2007",67.776,
"EST","WKGPOP","TOT","PC_POP","A","2008",67.669,
"EST","WKGPOP","TOT","PC_POP","A","2009",67.532,
"EST","WKGPOP","TOT","PC_POP","A","2010",67.322,
"EST","WKGPOP","TOT","PC_POP","A","2011",66.99,
"EST","WKGPOP","TOT","PC_POP","A","2012",66.542,
"EST","WKGPOP","TOT","PC_POP","A","2013",66.059,
"EST","WKGPOP","TOT","PC_POP","A","2014",65.548,
"EST","WKGPOP","TOT","PC_POP","A","2015",65.095,
"EST","WKGPOP","TOT","PC_POP","A","2016",64.665,
"EST","WKGPOP","TOT","PC_POP","A","2017",64.258,
"ISR","WKGPOP","TOT","PC_POP","A","1995",60.915,
"ISR","WKGPOP","TOT","PC_POP","A","1996",60.857,
"ISR","WKGPOP","TOT","PC_POP","A","1997",61.054,
"ISR","WKGPOP","TOT","PC_POP","A","1998",61.245,
"ISR","WKGPOP","TOT","PC_POP","A","1999",61.454,
"ISR","WKGPOP","TOT","PC_POP","A","2000",61.624,
"ISR","WKGPOP","TOT","PC_POP","A","2001",61.731,
"ISR","WKGPOP","TOT","PC_POP","A","2002",61.761,
"ISR","WKGPOP","TOT","PC_POP","A","2003",61.744,
"ISR","WKGPOP","TOT","PC_POP","A","2004",61.725,
"ISR","WKGPOP","TOT","PC_POP","A","2005",61.738,
"ISR","WKGPOP","TOT","PC_POP","A","2006",61.767,
"ISR","WKGPOP","TOT","PC_POP","A","2007",61.819,
"ISR","WKGPOP","TOT","PC_POP","A","2008",61.878,
"ISR","WKGPOP","TOT","PC_POP","A","2009",62.314,
"ISR","WKGPOP","TOT","PC_POP","A","2010",62.151,
"ISR","WKGPOP","TOT","PC_POP","A","2011",61.806,
"ISR","WKGPOP","TOT","PC_POP","A","2012",61.553,
"ISR","WKGPOP","TOT","PC_POP","A","2013",61.255,
"ISR","WKGPOP","TOT","PC_POP","A","2014",61.017,
"ISR","WKGPOP","TOT","PC_POP","A","2015",60.77,
"ISR","WKGPOP","TOT","PC_POP","A","2016",60.516,
"ISR","WKGPOP","TOT","PC_POP","A","2017",60.276,
"RUS","WKGPOP","TOT","PC_POP","A","1995",66.769,
"RUS","WKGPOP","TOT","PC_POP","A","1996",67.019,
"RUS","WKGPOP","TOT","PC_POP","A","1997",67.436,
"RUS","WKGPOP","TOT","PC_POP","A","1998",68.075,
"RUS","WKGPOP","TOT","PC_POP","A","1999",68.872,
"RUS","WKGPOP","TOT","PC_POP","A","2000",69.574,
"RUS","WKGPOP","TOT","PC_POP","A","2001",70.14,
"RUS","WKGPOP","TOT","PC_POP","A","2002",70.569,
"RUS","WKGPOP","TOT","PC_POP","A","2003",70.831,
"RUS","WKGPOP","TOT","PC_POP","A","2004",70.983,
"RUS","WKGPOP","TOT","PC_POP","A","2005",71.115,
"RUS","WKGPOP","TOT","PC_POP","A","2006",71.242,
"RUS","WKGPOP","TOT","PC_POP","A","2007",71.414,
"RUS","WKGPOP","TOT","PC_POP","A","2008",71.68,
"RUS","WKGPOP","TOT","PC_POP","A","2009",71.924,
"RUS","WKGPOP","TOT","PC_POP","A","2010",72.051,
"RUS","WKGPOP","TOT","PC_POP","A","2011",71.885,
"RUS","WKGPOP","TOT","PC_POP","A","2012",71.42,
"RUS","WKGPOP","TOT","PC_POP","A","2013",70.869,
"RUS","WKGPOP","TOT","PC_POP","A","2014",70.201,
"RUS","WKGPOP","TOT","PC_POP","A","2015",69.445,
"RUS","WKGPOP","TOT","PC_POP","A","2016",68.744,
"RUS","WKGPOP","TOT","PC_POP","A","2017",69.759,
"SVN","WKGPOP","TOT","PC_POP","A","1995",69.291,
"SVN","WKGPOP","TOT","PC_POP","A","1996",69.504,
"SVN","WKGPOP","TOT","PC_POP","A","1997",69.724,
"SVN","WKGPOP","TOT","PC_POP","A","1998",69.806,
"SVN","WKGPOP","TOT","PC_POP","A","1999",69.91,
"SVN","WKGPOP","TOT","PC_POP","A","2000",70.096,
"SVN","WKGPOP","TOT","PC_POP","A","2001",70.131,
"SVN","WKGPOP","TOT","PC_POP","A","2002",70.193,
"SVN","WKGPOP","TOT","PC_POP","A","2003",70.352,
"SVN","WKGPOP","TOT","PC_POP","A","2004",70.361,
"SVN","WKGPOP","TOT","PC_POP","A","2005",70.295,
"SVN","WKGPOP","TOT","PC_POP","A","2006",70.236,
"SVN","WKGPOP","TOT","PC_POP","A","2007",70.059,
"SVN","WKGPOP","TOT","PC_POP","A","2008",69.728,
"SVN","WKGPOP","TOT","PC_POP","A","2009",69.526,
"SVN","WKGPOP","TOT","PC_POP","A","2010",69.342,
"SVN","WKGPOP","TOT","PC_POP","A","2011",69.142,
"SVN","WKGPOP","TOT","PC_POP","A","2012",68.67,
"SVN","WKGPOP","TOT","PC_POP","A","2013",68.183,
"SVN","WKGPOP","TOT","PC_POP","A","2014",67.647,
"SVN","WKGPOP","TOT","PC_POP","A","2015",67.053,
"SVN","WKGPOP","TOT","PC_POP","A","2016",66.43,
"SVN","WKGPOP","TOT","PC_POP","A","2017",65.863,
"OECD","WKGPOP","TOT","PC_POP","A","1995",66.077,
"OECD","WKGPOP","TOT","PC_POP","A","1996",66.137,
"OECD","WKGPOP","TOT","PC_POP","A","1997",66.219,
"OECD","WKGPOP","TOT","PC_POP","A","1998",66.296,
"OECD","WKGPOP","TOT","PC_POP","A","1999",66.36,
"OECD","WKGPOP","TOT","PC_POP","A","2000",66.402,
"OECD","WKGPOP","TOT","PC_POP","A","2001",66.463,
"OECD","WKGPOP","TOT","PC_POP","A","2002",66.533,
"OECD","WKGPOP","TOT","PC_POP","A","2003",66.614,
"OECD","WKGPOP","TOT","PC_POP","A","2004",66.695,
"OECD","WKGPOP","TOT","PC_POP","A","2005",66.746,
"OECD","WKGPOP","TOT","PC_POP","A","2006",66.786,
"OECD","WKGPOP","TOT","PC_POP","A","2007",66.799,
"OECD","WKGPOP","TOT","PC_POP","A","2008",66.751,
"OECD","WKGPOP","TOT","PC_POP","A","2009",66.691,
"OECD","WKGPOP","TOT","PC_POP","A","2010",66.665,
"OECD","WKGPOP","TOT","PC_POP","A","2011",66.602,
"OECD","WKGPOP","TOT","PC_POP","A","2012",66.357,
"OECD","WKGPOP","TOT","PC_POP","A","2013",66.12,
"OECD","WKGPOP","TOT","PC_POP","A","2014",65.88,
"OECD","WKGPOP","TOT","PC_POP","A","2015",65.692,
"OECD","WKGPOP","TOT","PC_POP","A","2016",65.501,
"OECD","WKGPOP","TOT","PC_POP","A","2017",65.298,
"EU28","WKGPOP","TOT","PC_POP","A","1995",67.043,
"EU28","WKGPOP","TOT","PC_POP","A","1996",67.086,
"EU28","WKGPOP","TOT","PC_POP","A","1997",67.124,
"EU28","WKGPOP","TOT","PC_POP","A","1998",67.153,
"EU28","WKGPOP","TOT","PC_POP","A","1999",67.161,
"EU28","WKGPOP","TOT","PC_POP","A","2000",67.163,
"EU28","WKGPOP","TOT","PC_POP","A","2001",67.154,
"EU28","WKGPOP","TOT","PC_POP","A","2002",67.151,
"EU28","WKGPOP","TOT","PC_POP","A","2003",67.178,
"EU28","WKGPOP","TOT","PC_POP","A","2004",67.183,
"EU28","WKGPOP","TOT","PC_POP","A","2005",67.17,
"EU28","WKGPOP","TOT","PC_POP","A","2006",67.148,
"EU28","WKGPOP","TOT","PC_POP","A","2007",67.145,
"EU28","WKGPOP","TOT","PC_POP","A","2008",67.085,
"EU28","WKGPOP","TOT","PC_POP","A","2009",66.949,
"EU28","WKGPOP","TOT","PC_POP","A","2010",66.815,
"EU28","WKGPOP","TOT","PC_POP","A","2011",66.607,
"EU28","WKGPOP","TOT","PC_POP","A","2012",66.315,
"EU28","WKGPOP","TOT","PC_POP","A","2013",66.014,
"EU28","WKGPOP","TOT","PC_POP","A","2014",65.699,
"EU28","WKGPOP","TOT","PC_POP","A","2015",65.419,
"EU28","WKGPOP","TOT","PC_POP","A","2016",65.146,
"EU28","WKGPOP","TOT","PC_POP","A","2017",64.863,
"LVA","WKGPOP","TOT","PC_POP","A","1995",65.715,
"LVA","WKGPOP","TOT","PC_POP","A","1996",65.828,
"LVA","WKGPOP","TOT","PC_POP","A","1997",66.033,
"LVA","WKGPOP","TOT","PC_POP","A","1998",66.413,
"LVA","WKGPOP","TOT","PC_POP","A","1999",66.93,
"LVA","WKGPOP","TOT","PC_POP","A","2000",67.365,
"LVA","WKGPOP","TOT","PC_POP","A","2001",67.702,
"LVA","WKGPOP","TOT","PC_POP","A","2002",67.982,
"LVA","WKGPOP","TOT","PC_POP","A","2003",68.183,
"LVA","WKGPOP","TOT","PC_POP","A","2004",68.329,
"LVA","WKGPOP","TOT","PC_POP","A","2005",68.433,
"LVA","WKGPOP","TOT","PC_POP","A","2006",68.437,
"LVA","WKGPOP","TOT","PC_POP","A","2007",68.396,
"LVA","WKGPOP","TOT","PC_POP","A","2008",68.245,
"LVA","WKGPOP","TOT","PC_POP","A","2009",67.91,
"LVA","WKGPOP","TOT","PC_POP","A","2010",67.577,
"LVA","WKGPOP","TOT","PC_POP","A","2011",67.291,
"LVA","WKGPOP","TOT","PC_POP","A","2012",66.971,
"LVA","WKGPOP","TOT","PC_POP","A","2013",66.509,
"LVA","WKGPOP","TOT","PC_POP","A","2014",65.924,
"LVA","WKGPOP","TOT","PC_POP","A","2015",65.37,
"LVA","WKGPOP","TOT","PC_POP","A","2016",64.829,
"LVA","WKGPOP","TOT","PC_POP","A","2017",64.328,
"ARG","WKGPOP","TOT","PC_POP","A","1995",61.402,
"ARG","WKGPOP","TOT","PC_POP","A","1996",61.561,
"ARG","WKGPOP","TOT","PC_POP","A","1997",61.721,
"ARG","WKGPOP","TOT","PC_POP","A","1998",61.881,
"ARG","WKGPOP","TOT","PC_POP","A","1999",62.042,
"ARG","WKGPOP","TOT","PC_POP","A","2000",62.203,
"ARG","WKGPOP","TOT","PC_POP","A","2001",62.389,
"ARG","WKGPOP","TOT","PC_POP","A","2002",62.575,
"ARG","WKGPOP","TOT","PC_POP","A","2003",62.76,
"ARG","WKGPOP","TOT","PC_POP","A","2004",62.946,
"ARG","WKGPOP","TOT","PC_POP","A","2005",63.131,
"ARG","WKGPOP","TOT","PC_POP","A","2006",63.265,
"ARG","WKGPOP","TOT","PC_POP","A","2007",63.4,
"ARG","WKGPOP","TOT","PC_POP","A","2008",63.534,
"ARG","WKGPOP","TOT","PC_POP","A","2009",63.669,
"ARG","WKGPOP","TOT","PC_POP","A","2010",63.804,
"ARG","WKGPOP","TOT","PC_POP","A","2011",63.915,
"ARG","WKGPOP","TOT","PC_POP","A","2012",63.995,
"ARG","WKGPOP","TOT","PC_POP","A","2013",64.051,
"ARG","WKGPOP","TOT","PC_POP","A","2014",64.088,
"ARG","WKGPOP","TOT","PC_POP","A","2015",64.114,
"ARG","WKGPOP","TOT","PC_POP","A","2016",64.131,
"ARG","WKGPOP","TOT","PC_POP","A","2017",64.138,
"BGR","WKGPOP","TOT","PC_POP","A","1995",67.085,
"BGR","WKGPOP","TOT","PC_POP","A","1996",67.292,
"BGR","WKGPOP","TOT","PC_POP","A","1997",67.526,
"BGR","WKGPOP","TOT","PC_POP","A","1998",67.738,
"BGR","WKGPOP","TOT","PC_POP","A","1999",67.898,
"BGR","WKGPOP","TOT","PC_POP","A","2000",68.033,
"BGR","WKGPOP","TOT","PC_POP","A","2001",68.111,
"BGR","WKGPOP","TOT","PC_POP","A","2002",68.232,
"BGR","WKGPOP","TOT","PC_POP","A","2003",68.512,
"BGR","WKGPOP","TOT","PC_POP","A","2004",68.777,
"BGR","WKGPOP","TOT","PC_POP","A","2005",68.986,
"BGR","WKGPOP","TOT","PC_POP","A","2006",69.105,
"BGR","WKGPOP","TOT","PC_POP","A","2007",69.108,
"BGR","WKGPOP","TOT","PC_POP","A","2008",69.006,
"BGR","WKGPOP","TOT","PC_POP","A","2009",68.804,
"BGR","WKGPOP","TOT","PC_POP","A","2010",68.493,
"BGR","WKGPOP","TOT","PC_POP","A","2011",68.042,
"BGR","WKGPOP","TOT","PC_POP","A","2012",67.515,
"BGR","WKGPOP","TOT","PC_POP","A","2013",66.97,
"BGR","WKGPOP","TOT","PC_POP","A","2014",66.414,
"BGR","WKGPOP","TOT","PC_POP","A","2015",65.878,
"BGR","WKGPOP","TOT","PC_POP","A","2016",65.395,
"BGR","WKGPOP","TOT","PC_POP","A","2017",64.955,
"CHN","WKGPOP","TOT","PC_POP","A","1995",66.423,
"CHN","WKGPOP","TOT","PC_POP","A","1996",66.956,
"CHN","WKGPOP","TOT","PC_POP","A","1997",67.24,
"CHN","WKGPOP","TOT","PC_POP","A","1998",67.451,
"CHN","WKGPOP","TOT","PC_POP","A","1999",67.829,
"CHN","WKGPOP","TOT","PC_POP","A","2000",68.462,
"CHN","WKGPOP","TOT","PC_POP","A","2001",69.065,
"CHN","WKGPOP","TOT","PC_POP","A","2002",69.885,
"CHN","WKGPOP","TOT","PC_POP","A","2003",70.825,
"CHN","WKGPOP","TOT","PC_POP","A","2004",71.702,
"CHN","WKGPOP","TOT","PC_POP","A","2005",72.413,
"CHN","WKGPOP","TOT","PC_POP","A","2006",72.901,
"CHN","WKGPOP","TOT","PC_POP","A","2007",73.291,
"CHN","WKGPOP","TOT","PC_POP","A","2008",73.557,
"CHN","WKGPOP","TOT","PC_POP","A","2009",73.706,
"CHN","WKGPOP","TOT","PC_POP","A","2010",73.751,
"CHN","WKGPOP","TOT","PC_POP","A","2011",73.705,
"CHN","WKGPOP","TOT","PC_POP","A","2012",73.559,
"CHN","WKGPOP","TOT","PC_POP","A","2013",73.321,
"CHN","WKGPOP","TOT","PC_POP","A","2014",73.009,
"CHN","WKGPOP","TOT","PC_POP","A","2015",72.638,
"CHN","WKGPOP","TOT","PC_POP","A","2016",72.176,
"CHN","WKGPOP","TOT","PC_POP","A","2017",71.681,
"CRI","WKGPOP","TOT","PC_POP","A","1995",60.395,
"CRI","WKGPOP","TOT","PC_POP","A","1996",60.779,
"CRI","WKGPOP","TOT","PC_POP","A","1997",61.215,
"CRI","WKGPOP","TOT","PC_POP","A","1998",61.683,
"CRI","WKGPOP","TOT","PC_POP","A","1999",62.213,
"CRI","WKGPOP","TOT","PC_POP","A","2000",62.828,
"CRI","WKGPOP","TOT","PC_POP","A","2001",63.549,
"CRI","WKGPOP","TOT","PC_POP","A","2002",64.156,
"CRI","WKGPOP","TOT","PC_POP","A","2003",64.771,
"CRI","WKGPOP","TOT","PC_POP","A","2004",65.405,
"CRI","WKGPOP","TOT","PC_POP","A","2005",66.063,
"CRI","WKGPOP","TOT","PC_POP","A","2006",66.63,
"CRI","WKGPOP","TOT","PC_POP","A","2007",67.143,
"CRI","WKGPOP","TOT","PC_POP","A","2008",67.624,
"CRI","WKGPOP","TOT","PC_POP","A","2009",68.007,
"CRI","WKGPOP","TOT","PC_POP","A","2010",68.365,
"CRI","WKGPOP","TOT","PC_POP","A","2011",68.777,
"CRI","WKGPOP","TOT","PC_POP","A","2012",69.054,
"CRI","WKGPOP","TOT","PC_POP","A","2013",69.263,
"CRI","WKGPOP","TOT","PC_POP","A","2014",69.432,
"CRI","WKGPOP","TOT","PC_POP","A","2015",69.613,
"CRI","WKGPOP","TOT","PC_POP","A","2016",69.723,
"CRI","WKGPOP","TOT","PC_POP","A","2017",69.715,
"HRV","WKGPOP","TOT","PC_POP","A","1995",67.871,
"HRV","WKGPOP","TOT","PC_POP","A","1996",67.769,
"HRV","WKGPOP","TOT","PC_POP","A","1997",67.601,
"HRV","WKGPOP","TOT","PC_POP","A","1998",67.401,
"HRV","WKGPOP","TOT","PC_POP","A","1999",67.226,
"HRV","WKGPOP","TOT","PC_POP","A","2000",67.112,
"HRV","WKGPOP","TOT","PC_POP","A","2001",66.963,
"HRV","WKGPOP","TOT","PC_POP","A","2002",66.83,
"HRV","WKGPOP","TOT","PC_POP","A","2003",66.776,
"HRV","WKGPOP","TOT","PC_POP","A","2004",66.762,
"HRV","WKGPOP","TOT","PC_POP","A","2005",66.719,
"HRV","WKGPOP","TOT","PC_POP","A","2006",66.719,
"HRV","WKGPOP","TOT","PC_POP","A","2007",66.709,
"HRV","WKGPOP","TOT","PC_POP","A","2008",66.69,
"HRV","WKGPOP","TOT","PC_POP","A","2009",66.755,
"HRV","WKGPOP","TOT","PC_POP","A","2010",66.904,
"HRV","WKGPOP","TOT","PC_POP","A","2011",67.007,
"HRV","WKGPOP","TOT","PC_POP","A","2012",66.969,
"HRV","WKGPOP","TOT","PC_POP","A","2013",66.858,
"HRV","WKGPOP","TOT","PC_POP","A","2014",66.646,
"HRV","WKGPOP","TOT","PC_POP","A","2015",66.33,
"HRV","WKGPOP","TOT","PC_POP","A","2016",66.04,
"HRV","WKGPOP","TOT","PC_POP","A","2017",65.666,
"CYP","WKGPOP","TOT","PC_POP","A","1995",64.141,
"CYP","WKGPOP","TOT","PC_POP","A","1996",64.481,
"CYP","WKGPOP","TOT","PC_POP","A","1997",64.837,
"CYP","WKGPOP","TOT","PC_POP","A","1998",65.278,
"CYP","WKGPOP","TOT","PC_POP","A","1999",65.752,
"CYP","WKGPOP","TOT","PC_POP","A","2000",66.202,
"CYP","WKGPOP","TOT","PC_POP","A","2001",66.625,
"CYP","WKGPOP","TOT","PC_POP","A","2002",67.033,
"CYP","WKGPOP","TOT","PC_POP","A","2003",67.459,
"CYP","WKGPOP","TOT","PC_POP","A","2004",67.861,
"CYP","WKGPOP","TOT","PC_POP","A","2005",68.246,
"CYP","WKGPOP","TOT","PC_POP","A","2006",68.617,
"CYP","WKGPOP","TOT","PC_POP","A","2007",69.09,
"CYP","WKGPOP","TOT","PC_POP","A","2008",69.638,
"CYP","WKGPOP","TOT","PC_POP","A","2009",70.073,
"CYP","WKGPOP","TOT","PC_POP","A","2010",70.377,
"CYP","WKGPOP","TOT","PC_POP","A","2011",70.588,
"CYP","WKGPOP","TOT","PC_POP","A","2012",70.547,
"CYP","WKGPOP","TOT","PC_POP","A","2013",70.134,
"CYP","WKGPOP","TOT","PC_POP","A","2014",69.411,
"CYP","WKGPOP","TOT","PC_POP","A","2015",68.696,
"CYP","WKGPOP","TOT","PC_POP","A","2016",68.286,
"CYP","WKGPOP","TOT","PC_POP","A","2017",68.013,
"IND","WKGPOP","TOT","PC_POP","A","1995",59.31,
"IND","WKGPOP","TOT","PC_POP","A","1996",59.552,
"IND","WKGPOP","TOT","PC_POP","A","1997",59.837,
"IND","WKGPOP","TOT","PC_POP","A","1998",60.159,
"IND","WKGPOP","TOT","PC_POP","A","1999",60.505,
"IND","WKGPOP","TOT","PC_POP","A","2000",60.866,
"IND","WKGPOP","TOT","PC_POP","A","2001",61.139,
"IND","WKGPOP","TOT","PC_POP","A","2002",61.442,
"IND","WKGPOP","TOT","PC_POP","A","2003",61.766,
"IND","WKGPOP","TOT","PC_POP","A","2004",62.102,
"IND","WKGPOP","TOT","PC_POP","A","2005",62.445,
"IND","WKGPOP","TOT","PC_POP","A","2006",62.724,
"IND","WKGPOP","TOT","PC_POP","A","2007",63.014,
"IND","WKGPOP","TOT","PC_POP","A","2008",63.317,
"IND","WKGPOP","TOT","PC_POP","A","2009",63.642,
"IND","WKGPOP","TOT","PC_POP","A","2010",63.994,
"IND","WKGPOP","TOT","PC_POP","A","2011",64.303,
"IND","WKGPOP","TOT","PC_POP","A","2012",64.656,
"IND","WKGPOP","TOT","PC_POP","A","2013",65.029,
"IND","WKGPOP","TOT","PC_POP","A","2014",65.386,
"IND","WKGPOP","TOT","PC_POP","A","2015",65.706,
"IND","WKGPOP","TOT","PC_POP","A","2016",65.996,
"IND","WKGPOP","TOT","PC_POP","A","2017",66.228,
"IDN","WKGPOP","TOT","PC_POP","A","1995",62.185,
"IDN","WKGPOP","TOT","PC_POP","A","1996",62.636,
"IDN","WKGPOP","TOT","PC_POP","A","1997",63.142,
"IDN","WKGPOP","TOT","PC_POP","A","1998",63.673,
"IDN","WKGPOP","TOT","PC_POP","A","1999",64.174,
"IDN","WKGPOP","TOT","PC_POP","A","2000",64.604,
"IDN","WKGPOP","TOT","PC_POP","A","2001",64.766,
"IDN","WKGPOP","TOT","PC_POP","A","2002",64.882,
"IDN","WKGPOP","TOT","PC_POP","A","2003",64.971,
"IDN","WKGPOP","TOT","PC_POP","A","2004",65.06,
"IDN","WKGPOP","TOT","PC_POP","A","2005",65.161,
"IDN","WKGPOP","TOT","PC_POP","A","2006",65.42,
"IDN","WKGPOP","TOT","PC_POP","A","2007",65.658,
"IDN","WKGPOP","TOT","PC_POP","A","2008",65.865,
"IDN","WKGPOP","TOT","PC_POP","A","2009",66.037,
"IDN","WKGPOP","TOT","PC_POP","A","2010",66.452,
"IDN","WKGPOP","TOT","PC_POP","A","2011",66.638,
"IDN","WKGPOP","TOT","PC_POP","A","2012",66.826,
"IDN","WKGPOP","TOT","PC_POP","A","2013",67,
"IDN","WKGPOP","TOT","PC_POP","A","2014",67.152,
"IDN","WKGPOP","TOT","PC_POP","A","2015",67.279,
"IDN","WKGPOP","TOT","PC_POP","A","2016",67.403,
"IDN","WKGPOP","TOT","PC_POP","A","2017",67.512,
"LTU","WKGPOP","TOT","PC_POP","A","1995",65.885,
"LTU","WKGPOP","TOT","PC_POP","A","1996",65.832,
"LTU","WKGPOP","TOT","PC_POP","A","1997",65.794,
"LTU","WKGPOP","TOT","PC_POP","A","1998",65.817,
"LTU","WKGPOP","TOT","PC_POP","A","1999",65.952,
"LTU","WKGPOP","TOT","PC_POP","A","2000",66.221,
"LTU","WKGPOP","TOT","PC_POP","A","2001",66.471,
"LTU","WKGPOP","TOT","PC_POP","A","2002",66.694,
"LTU","WKGPOP","TOT","PC_POP","A","2003",66.902,
"LTU","WKGPOP","TOT","PC_POP","A","2004",67.015,
"LTU","WKGPOP","TOT","PC_POP","A","2005",67.108,
"LTU","WKGPOP","TOT","PC_POP","A","2006",67.236,
"LTU","WKGPOP","TOT","PC_POP","A","2007",67.423,
"LTU","WKGPOP","TOT","PC_POP","A","2008",67.592,
"LTU","WKGPOP","TOT","PC_POP","A","2009",67.682,
"LTU","WKGPOP","TOT","PC_POP","A","2010",67.476,
"LTU","WKGPOP","TOT","PC_POP","A","2011",67.188,
"LTU","WKGPOP","TOT","PC_POP","A","2012",67.096,
"LTU","WKGPOP","TOT","PC_POP","A","2013",67.007,
"LTU","WKGPOP","TOT","PC_POP","A","2014",66.828,
"LTU","WKGPOP","TOT","PC_POP","A","2015",66.524,
"LTU","WKGPOP","TOT","PC_POP","A","2016",66.101,
"LTU","WKGPOP","TOT","PC_POP","A","2017",65.606,
"MLT","WKGPOP","TOT","PC_POP","A","1995",67.244,
"MLT","WKGPOP","TOT","PC_POP","A","1996",67.05,
"MLT","WKGPOP","TOT","PC_POP","A","1997",66.816,
"MLT","WKGPOP","TOT","PC_POP","A","1998",67.084,
"MLT","WKGPOP","TOT","PC_POP","A","1999",67.369,
"MLT","WKGPOP","TOT","PC_POP","A","2000",67.722,
"MLT","WKGPOP","TOT","PC_POP","A","2001",68.039,
"MLT","WKGPOP","TOT","PC_POP","A","2002",68.296,
"MLT","WKGPOP","TOT","PC_POP","A","2003",68.587,
"MLT","WKGPOP","TOT","PC_POP","A","2004",68.894,
"MLT","WKGPOP","TOT","PC_POP","A","2005",69.084,
"MLT","WKGPOP","TOT","PC_POP","A","2006",69.331,
"MLT","WKGPOP","TOT","PC_POP","A","2007",69.78,
"MLT","WKGPOP","TOT","PC_POP","A","2008",70.074,
"MLT","WKGPOP","TOT","PC_POP","A","2009",69.964,
"MLT","WKGPOP","TOT","PC_POP","A","2010",69.547,
"MLT","WKGPOP","TOT","PC_POP","A","2011",69.044,
"MLT","WKGPOP","TOT","PC_POP","A","2012",68.567,
"MLT","WKGPOP","TOT","PC_POP","A","2013",68.108,
"MLT","WKGPOP","TOT","PC_POP","A","2014",67.715,
"MLT","WKGPOP","TOT","PC_POP","A","2015",67.445,
"MLT","WKGPOP","TOT","PC_POP","A","2016",67.189,
"MLT","WKGPOP","TOT","PC_POP","A","2017",67.157,
"ROU","WKGPOP","TOT","PC_POP","A","1995",67.496,
"ROU","WKGPOP","TOT","PC_POP","A","1996",67.815,
"ROU","WKGPOP","TOT","PC_POP","A","1997",68.001,
"ROU","WKGPOP","TOT","PC_POP","A","1998",68.063,
"ROU","WKGPOP","TOT","PC_POP","A","1999",68.193,
"ROU","WKGPOP","TOT","PC_POP","A","2000",68.396,
"ROU","WKGPOP","TOT","PC_POP","A","2001",68.451,
"ROU","WKGPOP","TOT","PC_POP","A","2002",68.301,
"ROU","WKGPOP","TOT","PC_POP","A","2003",68.314,
"ROU","WKGPOP","TOT","PC_POP","A","2004",68.355,
"ROU","WKGPOP","TOT","PC_POP","A","2005",68.338,
"ROU","WKGPOP","TOT","PC_POP","A","2006",68.309,
"ROU","WKGPOP","TOT","PC_POP","A","2007",68.265,
"ROU","WKGPOP","TOT","PC_POP","A","2008",68.155,
"ROU","WKGPOP","TOT","PC_POP","A","2009",68.081,
"ROU","WKGPOP","TOT","PC_POP","A","2010",68.057,
"ROU","WKGPOP","TOT","PC_POP","A","2011",68.034,
"ROU","WKGPOP","TOT","PC_POP","A","2012",68.029,
"ROU","WKGPOP","TOT","PC_POP","A","2013",67.988,
"ROU","WKGPOP","TOT","PC_POP","A","2014",67.712,
"ROU","WKGPOP","TOT","PC_POP","A","2015",67.289,
"ROU","WKGPOP","TOT","PC_POP","A","2016",66.868,
"ROU","WKGPOP","TOT","PC_POP","A","2017",66.445,
"SAU","WKGPOP","TOT","PC_POP","A","1995",55.364,
"SAU","WKGPOP","TOT","PC_POP","A","1996",56.218,
"SAU","WKGPOP","TOT","PC_POP","A","1997",57.072,
"SAU","WKGPOP","TOT","PC_POP","A","1998",57.808,
"SAU","WKGPOP","TOT","PC_POP","A","1999",58.369,
"SAU","WKGPOP","TOT","PC_POP","A","2000",58.801,
"SAU","WKGPOP","TOT","PC_POP","A","2001",59.762,
"SAU","WKGPOP","TOT","PC_POP","A","2002",60.669,
"SAU","WKGPOP","TOT","PC_POP","A","2003",61.531,
"SAU","WKGPOP","TOT","PC_POP","A","2004",62.369,
"SAU","WKGPOP","TOT","PC_POP","A","2005",63.186,
"SAU","WKGPOP","TOT","PC_POP","A","2006",64.044,
"SAU","WKGPOP","TOT","PC_POP","A","2007",64.916,
"SAU","WKGPOP","TOT","PC_POP","A","2008",65.76,
"SAU","WKGPOP","TOT","PC_POP","A","2009",66.536,
"SAU","WKGPOP","TOT","PC_POP","A","2010",67.232,
"SAU","WKGPOP","TOT","PC_POP","A","2011",68.203,
"SAU","WKGPOP","TOT","PC_POP","A","2012",69.072,
"SAU","WKGPOP","TOT","PC_POP","A","2013",69.825,
"SAU","WKGPOP","TOT","PC_POP","A","2014",70.449,
"SAU","WKGPOP","TOT","PC_POP","A","2015",70.948,
"SAU","WKGPOP","TOT","PC_POP","A","2016",71.992,
"SAU","WKGPOP","TOT","PC_POP","A","2017",72.081,
"SGP","WKGPOP","TOT","PC_POP","A","1995",70.634,
"SGP","WKGPOP","TOT","PC_POP","A","1996",70.677,
"SGP","WKGPOP","TOT","PC_POP","A","1997",70.714,
"SGP","WKGPOP","TOT","PC_POP","A","1998",70.78,
"SGP","WKGPOP","TOT","PC_POP","A","1999",70.82,
"SGP","WKGPOP","TOT","PC_POP","A","2000",70.888,
"SGP","WKGPOP","TOT","PC_POP","A","2001",70.904,
"SGP","WKGPOP","TOT","PC_POP","A","2002",71.039,
"SGP","WKGPOP","TOT","PC_POP","A","2003",71.347,
"SGP","WKGPOP","TOT","PC_POP","A","2004",71.664,
"SGP","WKGPOP","TOT","PC_POP","A","2005",71.883,
"SGP","WKGPOP","TOT","PC_POP","A","2006",72.18,
"SGP","WKGPOP","TOT","PC_POP","A","2007",72.536,
"SGP","WKGPOP","TOT","PC_POP","A","2008",72.901,
"SGP","WKGPOP","TOT","PC_POP","A","2009",73.272,
"SGP","WKGPOP","TOT","PC_POP","A","2010",73.677,
"SGP","WKGPOP","TOT","PC_POP","A","2011",73.885,
"SGP","WKGPOP","TOT","PC_POP","A","2012",73.679,
"SGP","WKGPOP","TOT","PC_POP","A","2013",73.478,
"SGP","WKGPOP","TOT","PC_POP","A","2014",73.143,
"SGP","WKGPOP","TOT","PC_POP","A","2015",72.784,
"SGP","WKGPOP","TOT","PC_POP","A","2016",72.449,
"SGP","WKGPOP","TOT","PC_POP","A","2017",71.981,
"ZAF","WKGPOP","TOT","PC_POP","A","1995",60.052,
"ZAF","WKGPOP","TOT","PC_POP","A","1996",60.481,
"ZAF","WKGPOP","TOT","PC_POP","A","1997",60.927,
"ZAF","WKGPOP","TOT","PC_POP","A","1998",61.39,
"ZAF","WKGPOP","TOT","PC_POP","A","1999",61.872,
"ZAF","WKGPOP","TOT","PC_POP","A","2000",62.366,
"ZAF","WKGPOP","TOT","PC_POP","A","2001",62.66,
"ZAF","WKGPOP","TOT","PC_POP","A","2002",62.318,
"ZAF","WKGPOP","TOT","PC_POP","A","2003",62.92,
"ZAF","WKGPOP","TOT","PC_POP","A","2004",63.449,
"ZAF","WKGPOP","TOT","PC_POP","A","2005",63.895,
"ZAF","WKGPOP","TOT","PC_POP","A","2006",64.259,
"ZAF","WKGPOP","TOT","PC_POP","A","2007",64.548,
"ZAF","WKGPOP","TOT","PC_POP","A","2008",64.787,
"ZAF","WKGPOP","TOT","PC_POP","A","2009",64.986,
"ZAF","WKGPOP","TOT","PC_POP","A","2010",65.142,
"ZAF","WKGPOP","TOT","PC_POP","A","2011",65.243,
"ZAF","WKGPOP","TOT","PC_POP","A","2012",65.244,
"ZAF","WKGPOP","TOT","PC_POP","A","2013",65.198,
"ZAF","WKGPOP","TOT","PC_POP","A","2014",65.16,
"ZAF","WKGPOP","TOT","PC_POP","A","2015",65.126,
"ZAF","WKGPOP","TOT","PC_POP","A","2016",65.09,
"ZAF","WKGPOP","TOT","PC_POP","A","2017",64.954,
"WLD","WKGPOP","TOT","PC_POP","A","1995",61.664,
"WLD","WKGPOP","TOT","PC_POP","A","1996",61.916,
"WLD","WKGPOP","TOT","PC_POP","A","1997",62.147,
"WLD","WKGPOP","TOT","PC_POP","A","1998",62.387,
"WLD","WKGPOP","TOT","PC_POP","A","1999",62.673,
"WLD","WKGPOP","TOT","PC_POP","A","2000",63.016,
"WLD","WKGPOP","TOT","PC_POP","A","2001",63.299,
"WLD","WKGPOP","TOT","PC_POP","A","2002",63.633,
"WLD","WKGPOP","TOT","PC_POP","A","2003",63.996,
"WLD","WKGPOP","TOT","PC_POP","A","2004",64.351,
"WLD","WKGPOP","TOT","PC_POP","A","2005",64.674,
"WLD","WKGPOP","TOT","PC_POP","A","2006",64.902,
"WLD","WKGPOP","TOT","PC_POP","A","2007",65.115,
"WLD","WKGPOP","TOT","PC_POP","A","2008",65.301,
"WLD","WKGPOP","TOT","PC_POP","A","2009",65.451,
"WLD","WKGPOP","TOT","PC_POP","A","2010",65.564,
"WLD","WKGPOP","TOT","PC_POP","A","2011",65.61,
"WLD","WKGPOP","TOT","PC_POP","A","2012",65.632,
"WLD","WKGPOP","TOT","PC_POP","A","2013",65.63,
"WLD","WKGPOP","TOT","PC_POP","A","2014",65.606,
"WLD","WKGPOP","TOT","PC_POP","A","2015",65.563,
"WLD","WKGPOP","TOT","PC_POP","A","2016",65.477,
"WLD","WKGPOP","TOT","PC_POP","A","2017",65.383,
"G20","WKGPOP","TOT","PC_POP","A","1995",64.054,
"G20","WKGPOP","TOT","PC_POP","A","1996",64.347,
"G20","WKGPOP","TOT","PC_POP","A","1997",64.587,
"G20","WKGPOP","TOT","PC_POP","A","1998",64.821,
"G20","WKGPOP","TOT","PC_POP","A","1999",65.113,
"G20","WKGPOP","TOT","PC_POP","A","2000",65.457,
"G20","WKGPOP","TOT","PC_POP","A","2001",65.771,
"G20","WKGPOP","TOT","PC_POP","A","2002",66.148,
"G20","WKGPOP","TOT","PC_POP","A","2003",66.572,
"G20","WKGPOP","TOT","PC_POP","A","2004",66.973,
"G20","WKGPOP","TOT","PC_POP","A","2005",67.315,
"G20","WKGPOP","TOT","PC_POP","A","2006",67.574,
"G20","WKGPOP","TOT","PC_POP","A","2007",67.8,
"G20","WKGPOP","TOT","PC_POP","A","2008",67.976,
"G20","WKGPOP","TOT","PC_POP","A","2009",68.116,
"G20","WKGPOP","TOT","PC_POP","A","2010",68.255,
"G20","WKGPOP","TOT","PC_POP","A","2011",68.326,
"G20","WKGPOP","TOT","PC_POP","A","2012",68.318,
"G20","WKGPOP","TOT","PC_POP","A","2013",68.286,
"G20","WKGPOP","TOT","PC_POP","A","2014",68.219,
"G20","WKGPOP","TOT","PC_POP","A","2015",68.131,
"G20","WKGPOP","TOT","PC_POP","A","2016",68.013,
"G20","WKGPOP","TOT","PC_POP","A","2017",67.859,
